English,Kreyol
airplane,Avyon
alarm clock,rev√®y
ambulance,anbilans
angel,zanj
ant,foumi
anvil,anklim
apple,p√≤m
arm,pony√®t
asparagus,asp√®j
axe,rach
backpack,valiz lek√≤l
banana,Jovenel (haha) / Bannan
bandage,bandaj
barn,Pak b√®t
baseball,bezb√≤l
baseball bat,baton bezb√≤l
basket,panye
basketball,bask√®tb√≤l
bat, baton
bathtub,basen
beach,plaj
bear,nous
beard,bab
bed,kabann
bee,my√®l
belt,sentiwon
bench,ban
bicycle,"bisikl√®t, bekann"
binoculars,longvi
bird,zwazo
birthday cake,gato aniv√®s√®
book,liv
bottlecap,bouchon bout√®y
bowtie,brezo
bracelet,brasl√®
brain,"s√®vo, s√®v√®l"
bread,pen
bridge,pon
broccoli,bwokoli
broom,bale
bucket,Bokit
bulldozer,Bouldoz√®
bus,bis
bush,Rak bwa
butterfly,papiyon
cactus,kandelam
cake,Gato
calculator,Kalkilatris
calendar,Kalandriye
camel,Chamo
camera,kamera
camouflage,kamouflay
campfire,boukan dife
candle,bal√®n
cannon,kanon
canoe,kann√≤t
car,machin
carrot,kaw√≤t
castle,Chato
cat,chat
ceiling fan,vantilat√® plafon
cello,vyolon
cell phone,Telef√≤n
chair,Ch√®z 
chandelier,chandelye
church,legliz
circle,S√®k
clarinet,klarin√®t/flit
clock,Rev√®y
cloud,Nyaj
coffee cup,tas kafe
compass,konpa (jeometri)
computer,√≤dinat√®
cookie,bonbon
cooler,iglou
couch,kanape
cow,b√®f
crab,krab
crayon,kreyon koul√®
crocodile,kayiman
crown,kouw√≤n
cruise ship,bato
cup,Tas
diamond,dyaman
dishwasher,machin a lave
diving board,plonjwa
dog,Chen 
dolphin,dofen
donut,kokiy√≤l
door,p√≤t
dragon,Dragon
dresser,Pandri
drums,Doum
duck,kana
dumbbell,son√®t
ear,zor√®y
elbow,zep√≤l
elephant,Elefan
envelope,Anvl√≤p
eraser,G√≤m
eye,zye/je
eyeglasses,Lin√®t
face,figi
fan,vantilat√®
feather,plim
fence,kloti/bary√®
finger,dw√®t
fireplace,chemine
firetruck,kamyon ponpye
fish,pwason
flamingo,flaman (zwazo)
flashlight,Flach
flip flops,sapat
floor lamp,lanpad√®
flower,Fl√®
flying saucer,soukoup
foot,Pye
fork,fouch√®t
frog,Krapo
frying pan,pwelon
garden,Jaden
garden hose,chwal jaden
giraffe,jiraf
goatee,"Babich, bouk"
golf club,kl√®b g√≤lf
grapes,rezen
grass,Z√®b
guitar,Gita
hamburger,amb√®g√®
hammer,Mato
hand,Men
hat,chapo
headphones,kas
hedgehog,p√≤kepik
helicopter,elikopt√®
helmet,kas
hexagon,egzag√≤n
horse,"cheval, chwal"
hospital,lopital
hot air balloon,Mongolfy√®
hot dog,√ítd√≤g
hot tub,jakouzi
hourglass,sabliye/ sab rev√®y
house,Kay
house plant,plant anndan kay
hurricane,sikl√≤n
ice cream,kr√®m
jacket,Djak√®t
jail,prizon
kangaroo,Kangouwou
key,Kle
keyboard,klavye
knee,jenou
knife,Kouto
ladder,ech√®l
lantern,fannal
laptop,Lapt√≤p
leaf,f√®y
leg,Janm
light bulb,Anpoul
lighter,Brik√®t
lighthouse,fa
lightning,zekl√®
line,Liy
lion,Lyon
lipstick,fa
lobster,oma
lollipop,piwili
mailbox,bwat postal
map,Kat
marker,Mak√®
matches,Alim√®t
megaphone,"P√≤tvwa, Megaf√≤n"
mermaid,lasir√®n
microphone,mikwo
microwave,Maykwowev
monkey,Makak
moon,Lalin
mosquito,marengwen
motorbike,Moto
mountain,Montay/m√≤n
mouse,Sourit
moustache,Moustach
mouth,Bouch
mug,"Gobl√®, Gode"
mushroom,djondjon
nail,zong
necklace,ch√®n
nose,nen
ocean,Osean/lanm√®
octagon,oktag√≤n
octopus,chatwouj
onion,zonyon
oven,Fou
owl,"koukou, Frize"
paintbrush,penso
paint can,bwat penti
palm tree,pye palmis
panda,Panda
pants,Pantalon
paper clip,Klanps
parachute,parachit
parrot,Jako
passport,Pasp√≤
peanut,Pistach
pear,pwa
peas,pwa
pencil,kreyon
penguin,Pengwen
piano,pyano
pickup truck,Pik√≤p
picture frame,Kad foto
pig,Kochon
pillow,zorye
pineapple,anana
pizza,Pitza
pliers,pens
police car,machin polis
pond,"ma, madlo"
pool,Pisin
popsicle,Piwouli
postcard,Kat postal
potato,Patat
power outlet,priz kouran
purse,bous
rabbit,Lapen
raccoon,raton
radio,radyo
rain,lapli
rainbow,Lakansy√®l
rake,Rato
remote control,Rem√≤t kontw√≤l
rhinoceros,rinoser√≤s
rifle,Rafal
river,rivy√®
rollerskates,paten a woul√®t
sailboat,bato a vwal
sandwich,Sandwich
saw,si
saxophone,Saksof√≤n
school bus,bis
scissors,sizo
scorpion,sk√≤pyon
screwdriver,tounavis
sea turtle,T√≤ti lanm√®
see saw,goyin
shark,Reken
sheep,Mouton 
shoe,Soulye
shorts,Ch√≤t
shovel,P√®l
sink,evye
skateboard,sketb√≤d
skull,"Kalbas t√®t, Kr√†n"
skyscraper,Bilding
sleeping bag,sak pou d√≤mi
smiley face,smiley
snail,Kalmason
snake,Koul√®v
snowflake,flokon n√®j
soccer ball,Boul foutb√≤l
sock,chos√®t/ba
speedboat,bato 
spider,Areye/zarenyen
spoon,Kiy√®
spreadsheet,eks√®l
square,kare
squiggle,Majigridi
squirrel,ekir√®y
stairs,"Mach, Mach eskalye"
star,Etwal/zetwal
steak,est√®k/griyad
stereo,radyo
stethoscope,sonn/estetosk√≤p
stitches,pwen siti
stop sign,siy stop
stove,Fou
strawberry,fr√®z
streetlight,Poto elektrik üòÖ
string bean,pwa fis√®l
submarine,Soumaren
suitcase,Mal√®t
sun,Sol√®y 
sweater,djak√®t
swing set,balansin
sword,Epe
syringe,sereng
table,Tab
teapot,tey√®
teddy-bear,nounous
telephone,Telef√≤n
television,Televizyon
tennis racquet,rak√®t tenis
tent,Tant
The Eiffel Tower,Latou Ef√®l
The Great Wall of China,Gwo miray Lachin nan
The Mona Lisa,Mona Lisa a
tiger,tig
toaster,Tost√®
toe,z√≤t√®y
toilet,Twal√®t 
tooth,dan
toothbrush,bw√≤s dan
toothpaste,"pat, k√≤lgat"
tornado,"T√≤nad, Toubiyon"
tractor,Trakt√®
traffic light,Limy√® sikilasyon
train,tren
tree,pyebwa
triangle,triyang
trombone,Tronb√≤n
truck,kamyon
trumpet,Tronp√®t
t-shirt,mayo
umbrella,parapli
underwear,"slip, kil√≤t"
van,kamyon√®t
vase,Vaz
violin,vyolon
washing machine,Machin a lave
watermelon,melon
waterslide,glisad
whale,Bal√®n
wheel,Kawotchou
windmill,Moulen a van
wine bottle,bout√®y diven
wine glass,"v√® chanpay, kalis"
wristwatch,Mont
yoga,Yoga
zebra,Z√®b
zigzag,zigzag